title,time,x,y,b,g,r,h,s,v
绿色方块,20:34:54.142,380,200,0,122,0,60,255,122
绿色方块,20:34:55.072,330,208,0,106,0,60,255,106
绿色方块,20:34:55.973,337,260,0,106,0,60,255,106
绿色方块,20:34:56.477,411,229,0,122,0,60,255,122
绿色方块,20:34:57.009,464,175,0,122,0,60,255,122
绿色方块,20:35:08.531,283,160,0,106,0,60,255,106
绿色方块,20:35:09.599,282,289,0,106,0,60,255,106
绿色方块,20:35:10.471,483,293,0,122,0,60,255,122
绿色方块,20:35:11.169,374,244,0,106,0,60,255,106
绿色方块,20:35:12.574,335,220,0,106,0,60,255,106
绿色方块,20:35:13.041,439,229,0,122,0,60,255,122
绿色方块,20:35:19.517,467,160,0,106,0,60,255,106
绿色方块,20:35:20.115,573,170,0,122,0,60,255,122
绿色方块,20:35:36.717,441,220,0,102,0,60,255,102
绿色方块,20:35:37.383,318,194,0,102,0,60,255,102
绿色方块,20:35:37.749,169,239,0,102,0,60,255,102
绿色方块,20:35:39.087,361,406,0,102,0,60,255,102
绿色方块,20:35:57.416,379,114,0,102,0,60,255,102
绿色方块,20:35:57.849,203,272,0,102,0,60,255,102
绿色方块,20:35:58.583,80,172,0,102,0,60,255,102
蓝色圆柱,20:36:20.922,314,120,102,0,0,120,255,102
蓝色圆柱,20:36:21.661,308,195,102,0,0,120,255,102
蓝色圆柱,20:36:22.521,256,153,102,0,0,120,255,102
蓝色圆柱,20:36:23.295,258,56,102,0,0,120,255,102
蓝色圆柱,20:36:23.933,348,100,102,0,0,120,255,102
蓝色圆柱,20:36:24.300,330,238,102,0,0,120,255,102
蓝色圆柱,20:36:24.765,263,283,102,0,0,120,255,102
蓝色圆柱,20:36:38.587,191,188,109,0,0,120,255,109
蓝色圆柱,20:36:39.020,432,117,105,0,0,120,255,105
蓝色圆柱,20:36:39.357,361,358,106,0,0,120,255,106
蓝色圆柱,20:36:39.688,508,360,103,0,0,120,255,103
蓝色圆柱,20:36:50.573,461,77,120,0,0,120,255,120
蓝色圆柱,20:36:50.874,254,250,122,0,0,120,255,122
蓝色圆柱,20:36:51.211,94,465,118,0,0,120,255,118
蓝色圆柱,20:36:51.610,112,270,119,0,0,120,255,119
蓝色圆柱,20:36:51.911,382,339,122,0,0,120,255,122
蓝色圆柱,20:36:52.245,393,393,122,0,0,120,255,122
蓝色圆柱,20:36:52.607,294,164,122,0,0,120,255,122
红色小球,20:37:44.878,318,227,0,0,132,0,255,132
红色小球,20:37:45.279,311,284,0,0,102,0,255,102
红色小球,20:37:45.644,332,248,0,0,119,0,255,119
红色小球,20:37:46.143,309,227,0,0,134,0,255,134
红色小球,20:37:46.676,326,256,0,0,115,0,255,115
红色小球,20:37:47.180,356,262,0,0,102,0,255,102
红色小球,20:38:04.842,412,156,0,0,102,0,255,102
红色小球,20:38:05.243,425,203,0,0,102,0,255,102
红色小球,20:38:05.609,422,97,0,0,102,0,255,102
红色小球,20:38:05.843,411,177,0,0,102,0,255,102
红色小球,20:38:06.542,367,93,0,0,102,0,255,102
红色小球,20:38:06.886,397,187,0,0,102,0,255,102
红色小球,20:38:07.281,440,263,0,0,102,0,255,102
红色小球,20:38:07.748,436,137,0,0,102,0,255,102
红色小球,20:38:08.111,417,241,0,0,102,0,255,102
红色小球,20:38:08.384,402,253,0,0,102,0,255,102
