title,time,nc_0,nc_1,nc_2,nc_3,nc_4,nc_5,nc_6,nc_7,nc_8,nc_9,nc_10,nc_11,nc_12,nc_13,nc_14,nc_15,nc_16,nc_17,nc_18,nc_19,nc_20,nc_21,nc_22,nc_23,nc_24,nc_25,nc_26,nc_27,nc_28,nc_29,nc_30,nc_31,nc_32,nc_33,nc_34,nc_35,v_0,v_1,v_2,v_3,v_4,v_5,v_6,v_7,v_8,v_9,v_10,v_11,v_12,v_13,v_14,v_15,v_16,v_17,v_18,v_19,v_20,v_21,v_22,v_23,v_24,v_25,v_26,v_27,v_28,v_29,v_30,v_31,v_32,v_33,v_34,v_35
# ===== 初始状态记录 =====
初始状态记录,15:48:46.013,0,0,0,0,0,0,0,0,0,0,0,0,0,0,0,0,0,0,0,0,0,0,0,0,0,0,0,0,0,0,0,0,0,0,0,0,1.611,4.500,4.500,4.500,4.500,4.500,1.467,1.401,1.369,1.375,1.405,1.473,1.612,1.837,2.189,2.027,4.500,4.500,4.500,1.928,2.021,1.888,1.564,1.381,1.271,1.203,1.174,1.175,1.193,2.888,1.361,1.214,1.345,1.731,1.642,1.613
# ===== 后端靠墙非常危险的距离，基本上与墙相撞 =====
后端靠墙非常危险的距离，基本上与墙相撞,15:50:15.295,11,11,11,11,11,11,11,11,11,11,9,0,0,0,0,0,0,0,0,0,0,0,0,0,0,0,0,0,0,0,0,0,0,0,0,4,0.307,0.266,0.241,0.219,0.211,0.208,0.227,0.236,0.256,0.294,0.338,0.443,0.645,0.690,0.689,0.708,0.731,0.789,1.793,1.565,1.494,1.909,2.336,2.314,2.360,2.460,4.500,4.500,4.500,3.073,4.500,4.500,4.500,0.783,0.496,0.375
后端靠墙非常危险的距离，基本上与墙相撞,15:50:26.636,11,11,11,11,11,9,0,0,0,0,0,0,0,0,0,0,0,0,0,0,0,0,0,0,0,0,0,0,0,0,3,11,11,11,11,11,0.210,0.222,0.235,0.251,0.287,0.342,0.430,0.632,0.685,0.690,0.706,0.736,0.789,1.781,1.542,1.491,1.941,2.332,2.312,2.367,2.459,4.500,4.500,4.500,3.073,4.500,4.500,4.500,0.768,0.508,0.369,0.308,0.264,0.239,0.215,0.210
后端靠墙非常危险的距离，基本上与墙相撞,15:50:44.744,0,0,0,0,0,0,0,0,0,0,0,0,6,11,11,11,11,11,11,11,11,11,11,9,0,0,0,0,0,0,0,0,0,0,0,0,2.320,2.361,2.474,4.500,4.500,4.500,3.049,4.500,4.500,4.500,0.720,0.479,0.374,0.304,0.253,0.235,0.230,0.212,0.217,0.223,0.229,0.260,0.291,0.349,0.442,0.625,0.684,0.687,0.692,0.734,0.796,1.752,1.538,1.489,1.978,2.328
后端靠墙非常危险的距离，基本上与墙相撞,15:50:45.366,0,0,0,0,0,0,0,0,0,0,0,0,5,11,11,11,11,11,11,11,11,11,11,9,0,0,0,0,0,0,0,0,0,0,0,0,2.318,2.365,2.460,4.500,4.500,4.500,3.052,4.500,4.500,4.500,0.727,0.479,0.372,0.309,0.245,0.229,0.211,0.222,0.217,0.222,0.230,0.251,0.287,0.330,0.434,0.649,0.679,0.684,0.689,0.723,0.793,1.744,1.552,1.492,1.960,2.325
后端靠墙非常危险的距离，基本上与墙相撞,15:51:12.806,0,0,0,0,0,0,0,0,0,0,0,0,0,0,0,0,0,0,0,0,7,11,11,11,11,11,11,11,11,11,11,11,11,1,0,0,4.500,4.500,4.500,0.961,0.814,0.719,0.654,0.636,0.611,0.626,0.649,0.683,0.754,0.870,1.046,1.416,4.500,4.500,4.500,0.491,0.351,0.270,0.229,0.201,0.175,0.170,0.165,0.174,0.180,0.187,0.215,0.253,0.304,0.413,4.500,4.500
后端靠墙非常危险的距离，基本上与墙相撞,15:51:13.485,0,0,0,0,0,0,0,0,0,0,0,0,0,0,0,0,0,0,0,0,7,11,11,11,11,11,11,11,11,11,11,11,11,1,0,0,4.500,4.500,4.500,0.951,0.803,0.710,0.662,0.623,0.617,0.623,0.638,0.678,0.751,0.856,1.053,1.405,4.500,4.500,4.500,0.495,0.340,0.273,0.221,0.199,0.168,0.165,0.165,0.170,0.179,0.194,0.216,0.248,0.295,0.412,4.500,4.500
# ===== 进入窄巷子中的状态 =====
进入窄巷子中的状态,15:51:30.555,0,0,0,0,0,0,0,0,0,0,0,0,0,0,0,0,0,0,0,0,6,11,11,11,11,11,11,11,11,11,11,11,11,1,0,0,4.500,4.500,4.500,0.961,0.802,0.715,0.652,0.633,0.616,0.628,0.645,0.678,0.749,0.850,1.046,1.393,4.500,4.500,4.500,0.482,0.339,0.272,0.219,0.184,0.180,0.167,0.167,0.174,0.164,0.190,0.208,0.253,0.294,0.401,4.500,4.500
进入窄巷子中的状态,15:51:46.008,0,0,0,0,8,11,11,11,11,11,11,11,11,11,11,3,2,0,1,1,1,1,1,1,5,3,5,6,5,1,0,0,0,0,0,0,4.500,4.500,0.644,0.452,0.357,0.296,0.140,0.144,0.128,0.136,0.150,0.237,0.256,0.288,0.180,0.161,0.156,0.869,0.869,0.888,0.923,0.905,0.729,0.634,0.156,0.140,0.139,0.136,0.137,0.518,0.555,0.641,0.711,0.861,1.196,4.500
进入窄巷子中的状态,15:51:46.535,0,0,0,0,7,11,11,11,11,11,11,11,11,11,10,2,1,0,0,0,1,0,1,1,2,0,1,6,9,1,0,0,0,0,0,0,4.500,4.500,0.646,0.454,0.355,0.311,0.163,0.141,0.131,0.130,0.130,0.238,0.259,0.285,0.339,0.400,0.543,0.854,0.863,0.899,0.932,0.945,0.741,0.629,0.171,0.532,0.511,0.127,0.127,0.531,0.569,0.623,0.714,0.872,1.210,4.500
进入窄巷子中的状态,15:51:46.927,0,0,0,0,7,11,11,11,11,11,11,11,11,11,9,1,0,0,0,2,1,0,0,0,1,1,3,5,7,2,0,0,0,0,0,0,4.500,4.500,0.631,0.465,0.359,0.299,0.157,0.145,0.142,0.144,0.214,0.224,0.261,0.289,0.329,0.404,0.550,0.865,0.867,0.149,0.934,0.954,0.771,0.646,0.565,0.534,0.125,0.135,0.140,0.151,0.562,0.621,0.722,0.894,1.193,4.500
进入窄巷子中的状态,15:52:01.055,0,0,0,0,0,0,0,0,0,0,0,0,0,0,0,0,0,0,0,0,0,0,0,10,11,11,11,11,11,11,11,8,0,0,0,0,4.500,4.500,1.138,0.804,0.661,0.556,0.505,0.460,0.446,0.443,0.451,0.466,0.508,0.565,0.653,0.810,1.086,4.500,4.500,4.500,0.717,0.521,0.430,0.353,0.323,0.291,0.288,0.284,0.287,0.295,0.328,0.364,0.423,0.524,0.732,4.500
进入窄巷子中的状态,15:52:09.927,0,0,0,0,0,0,0,0,3,2,0,0,0,0,0,0,0,0,0,0,0,0,0,5,11,11,11,11,11,11,6,0,0,0,0,0,4.500,1.306,0.845,0.661,0.542,0.471,0.437,0.418,0.392,0.398,0.407,0.429,0.472,0.523,0.631,0.811,2.688,4.500,4.500,4.500,4.500,0.523,0.431,0.374,0.347,0.323,0.312,0.316,0.324,0.334,0.372,0.430,0.506,0.669,0.992,4.500
# ===== 在小房间门口的状态 =====
在小房间门口的状态,15:52:53.573,0,0,0,0,0,0,4,11,11,11,11,11,11,11,11,11,11,11,11,11,11,11,6,11,11,11,11,11,11,11,11,10,0,0,0,0,3.271,4.500,4.500,2.257,1.942,1.743,0.145,0.138,0.131,0.128,0.130,0.149,0.160,0.179,0.158,0.145,0.129,0.131,0.127,0.135,0.141,0.162,0.296,0.278,0.248,0.230,0.227,0.234,0.248,0.272,0.286,0.340,0.419,0.591,4.500,3.247
在小房间门口的状态,15:52:59.480,0,0,0,0,0,0,0,0,0,0,0,0,0,0,0,0,0,0,0,0,0,0,0,0,0,0,0,3,11,11,11,11,3,0,0,0,4.500,4.500,4.500,2.317,1.992,1.781,1.642,1.598,1.585,1.589,1.648,1.589,1.269,1.095,0.968,0.913,0.876,0.863,0.866,0.903,0.970,1.058,1.241,1.537,2.083,2.108,2.095,0.342,0.216,0.243,0.260,0.311,0.378,0.522,4.500,4.500
在小房间门口的状态,15:53:04.170,0,0,0,0,0,0,0,0,0,0,0,0,0,0,0,0,0,0,0,0,0,0,0,0,0,0,0,0,0,0,2,11,6,0,0,0,4.500,4.500,4.500,4.500,2.019,1.797,1.677,1.612,1.601,1.609,1.664,1.240,0.987,0.837,0.757,0.713,0.682,0.661,0.677,0.688,0.748,0.830,0.955,1.187,1.592,2.108,2.083,2.101,2.152,1.366,0.396,0.347,0.361,0.496,0.782,4.500
在小房间门口的状态,15:53:10.394,0,0,0,0,0,0,0,0,0,0,0,0,0,0,0,0,0,0,0,0,0,0,0,0,0,0,0,0,0,0,0,0,0,0,0,0,4.500,4.500,4.500,4.500,2.023,1.813,1.689,1.628,1.612,1.624,1.300,0.929,0.722,0.622,0.554,0.514,0.500,0.489,0.492,0.508,0.543,0.591,0.702,0.851,1.159,1.835,2.076,2.082,2.156,1.595,1.458,1.604,0.514,0.498,0.727,4.500
在小房间门口的状态,15:53:15.118,0,0,0,0,0,0,0,0,0,0,0,0,0,1,9,11,11,11,11,11,10,2,0,0,0,0,0,0,0,0,0,0,0,0,0,0,4.500,4.500,4.500,2.419,2.069,1.845,1.707,1.644,1.623,1.531,0.865,0.615,0.501,0.425,0.373,0.341,0.326,0.326,0.320,0.343,0.368,0.400,0.456,0.554,0.775,1.202,2.069,2.065,2.130,2.265,1.552,1.591,0.701,0.648,0.680,4.500
在小房间门口的状态,15:53:19.390,0,0,0,0,0,0,0,0,0,0,0,0,5,11,11,11,11,11,11,11,11,11,8,0,0,0,0,0,0,0,0,0,0,0,0,0,4.500,4.500,4.500,2.428,2.078,1.860,1.732,1.643,1.614,1.217,0.702,0.501,0.384,0.327,0.298,0.266,0.246,0.247,0.248,0.259,0.274,0.306,0.349,0.434,0.578,0.908,2.061,2.071,2.137,2.271,1.654,1.602,2.607,0.728,0.716,4.500
# ===== 进入小房间且与小房间内物体相撞 =====
进入小房间且与小房间内物体相撞,15:53:59.242,0,0,0,0,0,0,0,0,0,0,0,0,0,0,0,0,4,11,11,11,11,11,5,0,0,0,0,0,0,0,0,0,0,0,0,0,0.592,0.515,0.481,0.454,0.441,0.450,0.454,0.486,0.538,0.611,0.730,0.951,1.251,1.219,1.240,1.261,0.360,0.273,0.239,0.190,0.184,0.172,0.237,1.278,1.301,2.665,2.067,1.734,1.540,1.409,1.340,1.318,1.317,1.328,0.911,0.693
进入小房间且与小房间内物体相撞,15:53:59.738,0,0,0,0,0,0,0,0,0,0,0,0,0,0,0,0,4,11,11,11,11,11,5,0,0,0,0,0,0,0,0,0,0,0,0,0,0.590,0.523,0.474,0.459,0.440,0.432,0.452,0.484,0.533,0.598,0.732,0.949,1.253,1.218,1.233,1.264,0.345,0.260,0.233,0.196,0.183,0.169,0.221,1.284,1.309,2.662,2.064,1.729,1.530,1.406,1.346,1.317,1.308,1.338,0.907,0.722
进入小房间且与小房间内物体相撞,15:54:05.779,0,0,0,0,0,0,0,0,0,0,0,0,0,5,11,11,11,11,11,11,11,6,0,0,0,0,0,0,0,0,0,0,0,0,0,0,0.434,0.447,0.471,0.514,0.608,0.719,0.919,1.093,1.065,1.072,1.097,1.159,1.252,0.240,0.194,0.185,0.180,0.174,0.173,0.180,0.180,0.208,1.973,1.737,1.586,1.511,1.473,1.482,1.385,0.923,0.703,0.586,0.528,0.481,0.452,0.445
进入小房间且与小房间内物体相撞,15:54:17.111,0,0,0,0,0,0,0,0,0,0,0,0,6,11,11,11,11,11,9,0,0,0,0,0,0,0,0,0,0,0,0,0,0,0,0,0,0.717,0.726,0.759,0.838,0.932,1.102,1.188,1.119,1.090,1.089,1.103,1.151,0.295,0.251,0.211,0.195,0.179,0.173,0.172,1.862,1.428,1.088,0.883,0.768,0.696,0.664,0.643,0.635,0.636,0.675,0.731,0.815,0.841,0.784,0.735,0.713
进入小房间且与小房间内物体相撞,15:54:21.565,0,0,0,0,0,0,0,0,0,0,0,0,0,0,0,0,0,0,0,1,11,11,11,11,9,0,0,0,0,0,0,0,0,0,0,0,0.485,0.513,0.539,0.593,0.677,0.834,0.790,0.751,0.741,0.746,0.780,0.818,0.908,1.040,1.271,1.291,1.247,1.221,1.231,0.408,0.295,0.234,0.195,0.200,0.292,0.428,1.801,1.803,1.360,0.964,0.763,0.633,0.563,0.526,0.494,0.488
# ===== 小房间内探索状态 =====
小房间内探索状态,15:54:44.081,0,0,3,3,0,0,0,0,0,0,3,10,10,1,0,0,0,0,0,0,0,0,0,0,0,0,0,0,0,0,0,0,0,0,0,0,0.419,0.406,0.394,0.394,0.407,0.433,0.476,0.494,0.425,0.413,0.398,0.368,0.379,0.402,0.425,0.453,0.527,0.667,0.836,1.299,1.328,1.334,1.374,1.444,1.592,0.661,0.579,0.570,0.765,2.162,2.111,1.136,0.778,0.617,0.521,0.449
# ===== 前后左右四个典型方向无法直接从出口出去[C =====
前后左右四个典型方向无法直接从出口出去[C,15:55:47.152,0,0,0,0,0,0,0,0,0,0,0,0,0,0,0,0,0,0,0,0,0,0,0,0,4,11,11,11,11,11,11,4,0,0,0,0,1.024,1.022,1.024,1.079,1.000,0.807,0.704,0.643,0.596,0.579,0.575,0.572,0.594,0.652,0.727,1.849,1.690,1.579,1.529,1.527,1.541,1.590,1.724,1.636,0.268,0.251,0.233,0.223,0.218,0.215,0.226,0.248,1.420,1.255,1.124,1.066
前后左右四个典型方向无法直接从出口出去[C,15:55:51.398,0,0,0,0,0,0,0,0,0,0,0,0,0,0,0,0,0,0,0,0,0,0,0,0,0,0,0,0,0,5,11,11,6,0,0,0,1.280,1.278,1.286,1.228,0.893,0.725,0.629,0.570,0.535,0.512,0.503,0.523,0.544,0.592,1.768,1.544,1.402,1.315,1.277,1.266,1.292,1.339,1.428,1.590,1.484,1.339,1.262,1.217,1.209,0.320,0.297,0.335,0.368,0.432,1.408,1.317
前后左右四个典型方向无法直接从出口出去[C,15:55:55.864,0,0,0,0,0,0,0,0,0,0,0,0,0,0,0,0,0,0,0,0,0,0,0,0,0,0,0,0,0,0,0,0,0,0,0,0,1.641,1.631,1.595,0.995,0.760,0.601,0.518,0.472,0.448,0.435,2.392,2.420,2.079,1.560,1.273,1.106,0.998,0.949,0.903,0.905,0.921,0.961,1.025,1.147,1.352,1.424,1.339,1.297,1.297,1.312,1.373,0.760,0.622,0.580,0.705,1.698
# ===== 去具备离开小房间的能力 =====
去具备离开小房间的能力,15:56:14.960,0,0,0,0,0,0,0,0,0,0,0,0,0,0,0,0,4,11,11,11,11,9,1,0,0,0,0,0,0,0,0,0,0,0,0,0,2.197,2.185,1.071,0.687,4.500,4.500,2.724,2.494,2.339,2.280,2.259,1.292,0.809,0.595,0.494,0.425,0.382,0.359,0.352,0.350,0.355,0.378,0.403,0.439,0.535,0.660,0.934,1.433,1.419,1.452,1.508,1.630,1.821,1.193,1.126,1.348
去具备离开小房间的能力,15:56:24.441,0,0,0,0,0,0,0,0,0,0,0,0,0,0,0,0,0,0,0,0,0,0,0,0,0,0,0,0,0,0,0,0,0,0,0,0,2.269,2.266,2.308,1.783,1.590,0.591,0.603,0.752,1.146,4.500,4.500,4.500,4.500,4.500,1.902,1.699,1.541,1.458,1.428,1.424,1.435,1.114,0.844,0.696,0.606,0.553,0.529,0.508,0.498,0.515,0.548,0.593,0.674,0.804,1.035,1.516
# ===== 卡死状态记录 =====
卡死状态记录,19:58:09.344,"[[-90.0, 0.63], [-88.0, 0.62], [-86.0, 0.61], [-84.0, 0.61], [-82.0, 0.6], [-80.0, 0.59], [-78.0, 0.59], [-76.0, 0.59], [-74.0, 0.59], [-72.0, 0.58], [-70.0, 0.58], [-68.0, 0.58], [-66.0, 0.58], [-64.0, 0.58], [-62.0, 0.58], [-60.0, 0.58], [-58.0, 0.58], [-56.0, 0.58], [-54.0, 0.58], [-52.0, 0.58], [-50.0, 0.58], [-48.0, 0.58], [-46.0, 0.58], [-44.0, 0.58], [-42.0, 0.58], [-40.0, 0.58], [-38.0, 0.58], [-36.0, 0.58], [-34.0, 0.58], [-32.0, 0.58], [-30.0, 0.58], [-28.0, 0.59], [-26.0, 0.59], [-24.0, 0.6], [-22.0, 0.6], [-20.0, 0.61], [-18.0, 0.62], [-16.0, 0.62], [-14.0, 0.63], [-12.0, 0.64], [-10.0, 0.66], [-8.0, 0.67], [-6.0, 0.68], [-4.0, 0.69], [-2.0, 0.7], [0.0, 0.75], [2.0, 0.76], [4.0, 0.78], [6.0, 0.78], [8.0, 0.83], [10.0, 0.85], [12.0, 0.85], [14.0, 0.85], [16.0, 0.85]]"
卡死状态记录,19:58:58.157,"[[-36.0, 0.55], [-34.0, 0.56], [-32.0, 0.58], [-30.0, 0.6], [-28.0, 0.62], [-26.0, 0.63], [-24.0, 0.68], [-22.0, 0.7], [-20.0, 0.71], [-18.0, 0.75], [-16.0, 0.78], [-14.0, 0.82], [-12.0, 0.88], [-10.0, 0.92], [-8.0, 0.99], [-6.0, 1.07], [-4.0, 1.15], [-2.0, 1.15], [0.0, 1.15], [2.0, 1.15], [90.0, 1.39]]"
卡死状态记录,19:58:59.617,"[[-36.0, 0.55], [-34.0, 0.56], [-32.0, 0.58], [-30.0, 0.6], [-28.0, 0.62], [-26.0, 0.64], [-24.0, 0.65], [-22.0, 0.67], [-20.0, 0.72], [-18.0, 0.77], [-16.0, 0.78], [-14.0, 0.81], [-12.0, 0.87], [-10.0, 0.93], [-8.0, 1.0], [-6.0, 1.05], [-4.0, 1.15], [-2.0, 1.15], [0.0, 1.15], [2.0, 1.15], [90.0, 1.38]]"
卡死状态记录,19:59:13.457,"[[-66.0, 0.56], [-64.0, 0.6], [-62.0, 0.62], [-60.0, 0.65], [-58.0, 0.68], [-56.0, 0.74], [-54.0, 0.78], [-52.0, 0.82], [-50.0, 0.88], [-48.0, 0.93], [-46.0, 1.04], [-44.0, 1.14], [-42.0, 1.18], [-40.0, 1.18], [-38.0, 1.19], [-36.0, 1.19], [-34.0, 1.19], [-32.0, 1.19], [-30.0, 1.18], [-28.0, 1.18], [62.0, 1.51], [64.0, 1.51], [66.0, 1.51], [68.0, 1.46], [70.0, 1.39], [72.0, 1.31], [74.0, 1.24], [76.0, 1.19], [78.0, 1.11], [80.0, 1.09], [82.0, 1.05], [84.0, 1.01], [86.0, 0.97], [88.0, 0.95], [90.0, 0.93]]"
卡死状态记录,19:59:17.461,"[[-68.0, 0.55], [-66.0, 0.58], [-64.0, 0.59], [-62.0, 0.61], [-60.0, 0.64], [-58.0, 0.7], [-56.0, 0.73], [-54.0, 0.77], [-52.0, 0.82], [-50.0, 0.87], [-48.0, 0.95], [-46.0, 1.03], [-44.0, 1.14], [-42.0, 1.18], [-40.0, 1.19], [-38.0, 1.19], [-36.0, 1.19], [-34.0, 1.19], [-32.0, 1.19], [-30.0, 1.19], [-28.0, 1.18], [62.0, 1.5], [64.0, 1.5], [66.0, 1.5], [68.0, 1.46], [70.0, 1.38], [72.0, 1.31], [74.0, 1.26], [76.0, 1.19], [78.0, 1.16], [80.0, 1.09], [82.0, 1.06], [84.0, 1.02], [86.0, 0.99], [88.0, 0.96], [90.0, 0.93]]"
卡死状态记录,19:59:31.307,"[[-62.0, 0.55], [-60.0, 0.6], [-58.0, 0.6], [-56.0, 0.65], [-54.0, 0.68], [-52.0, 0.72], [-50.0, 0.77], [-48.0, 0.82], [-46.0, 0.88], [-44.0, 0.97], [-42.0, 1.06], [-40.0, 1.06], [-38.0, 1.06], [-36.0, 1.06], [-34.0, 1.06], [-32.0, 1.06], [-30.0, 1.06], [-28.0, 1.06], [-26.0, 1.06], [-24.0, 1.06], [-22.0, 1.06], [-20.0, 1.07], [-18.0, 1.07], [-16.0, 1.07], [-14.0, 1.07], [-12.0, 1.06], [-10.0, 1.06], [90.0, 1.01]]"
卡死状态记录,19:59:40.718,"[[-26.0, 0.57], [-24.0, 0.61], [-22.0, 0.64], [-20.0, 0.66], [-18.0, 0.72], [-16.0, 0.77], [-14.0, 0.81], [-12.0, 0.88], [-10.0, 0.95], [-8.0, 1.04], [-6.0, 1.05], [-4.0, 1.05], [-2.0, 1.06], [0.0, 1.06], [2.0, 1.06], [4.0, 1.06], [6.0, 1.06], [8.0, 1.06], [10.0, 1.06], [12.0, 1.06], [14.0, 1.06], [16.0, 1.06], [18.0, 1.07], [20.0, 1.08], [22.0, 1.08], [24.0, 1.08], [26.0, 1.08]]"
卡死状态记录,19:59:50.744,"[[-90.0, 0.76], [-88.0, 0.76], [-86.0, 0.76], [-84.0, 0.76], [-82.0, 0.76], [-80.0, 0.76], [-78.0, 0.76], [-76.0, 0.76], [-74.0, 0.76], [-72.0, 0.77], [-70.0, 0.77], [-68.0, 0.77], [-66.0, 0.77], [-64.0, 0.78], [-62.0, 0.78], [-60.0, 0.78], [-58.0, 0.79], [-56.0, 0.8], [-54.0, 0.81], [-52.0, 0.82], [-50.0, 0.83], [-48.0, 0.84], [-46.0, 0.86], [-44.0, 0.87], [-42.0, 0.9], [-40.0, 0.93], [-38.0, 0.94], [-36.0, 0.96], [-34.0, 0.97], [-32.0, 1.01], [-30.0, 1.05], [-28.0, 1.08], [-26.0, 1.12], [-24.0, 1.17], [-22.0, 1.22], [-20.0, 1.29], [-18.0, 1.33], [-16.0, 1.35], [-14.0, 1.35], [-12.0, 1.35], [-10.0, 1.35], [-8.0, 1.35], [-6.0, 1.35], [-4.0, 1.35], [-2.0, 1.35], [88.0, 1.14], [90.0, 1.15]]"
卡死状态记录,19:59:54.198,"[[-90.0, 0.75], [-88.0, 0.75], [-86.0, 0.75], [-84.0, 0.75], [-82.0, 0.75], [-80.0, 0.75], [-78.0, 0.75], [-76.0, 0.75], [-74.0, 0.76], [-72.0, 0.76], [-70.0, 0.76], [-68.0, 0.77], [-66.0, 0.77], [-64.0, 0.78], [-62.0, 0.79], [-60.0, 0.79], [-58.0, 0.8], [-56.0, 0.81], [-54.0, 0.82], [-52.0, 0.84], [-50.0, 0.84], [-48.0, 0.86], [-46.0, 0.87], [-44.0, 0.9], [-42.0, 0.92], [-40.0, 0.94], [-38.0, 0.98], [-36.0, 0.99], [-34.0, 1.03], [-32.0, 1.06], [-30.0, 1.12], [-28.0, 1.15], [-26.0, 1.2], [-24.0, 1.24], [-22.0, 1.3], [-20.0, 1.34], [-18.0, 1.34], [-16.0, 1.34], [-14.0, 1.35], [-12.0, 1.35], [-10.0, 1.34], [-8.0, 1.34], [-6.0, 1.34], [86.0, 1.14], [88.0, 1.15], [90.0, 1.15]]"
卡死状态记录,20:00:08.994,"[[-90.0, 1.01], [-88.0, 1.03], [-86.0, 1.03], [-84.0, 1.04], [-82.0, 1.04], [-80.0, 1.04], [-78.0, 1.03], [-76.0, 1.03], [-74.0, 1.03], [-72.0, 1.03], [-70.0, 1.03], [-68.0, 1.03], [-66.0, 1.03], [-64.0, 1.03], [-62.0, 1.03], [-60.0, 1.03], [-58.0, 1.03], [-56.0, 1.03], [-54.0, 1.03], [-52.0, 1.03], [-50.0, 1.03], [-48.0, 1.03], [-46.0, 1.04], [-44.0, 1.04], [-42.0, 1.04], [-40.0, 1.05], [-38.0, 1.77], [-36.0, 1.77], [-34.0, 1.77], [-32.0, 1.77], [-30.0, 1.7], [-28.0, 1.67], [-26.0, 1.63], [-24.0, 1.55], [84.0, 0.72], [86.0, 0.74], [88.0, 0.74], [90.0, 0.74]]"
卡死状态记录,20:00:19.506,"[[-90.0, 0.92], [-88.0, 0.92], [-86.0, 0.92], [-84.0, 0.92], [-82.0, 0.92], [-80.0, 0.92], [-78.0, 0.92], [-76.0, 0.92], [-74.0, 0.92], [-72.0, 0.92], [-70.0, 0.92], [-68.0, 0.93], [-66.0, 0.93], [-64.0, 0.95], [-62.0, 1.73], [-60.0, 1.73], [-58.0, 1.73], [-56.0, 1.73], [-54.0, 1.68], [-52.0, 1.61], [-50.0, 1.59], [-48.0, 1.54], [-46.0, 1.51], [-44.0, 1.48], [-42.0, 1.43], [-40.0, 1.42], [-38.0, 1.39], [-36.0, 1.36], [-34.0, 1.35], [-32.0, 1.33], [-30.0, 1.32], [-28.0, 1.3], [-26.0, 1.28], [-24.0, 1.28], [-22.0, 1.27], [-20.0, 1.26], [-18.0, 1.24], [74.0, 0.82], [76.0, 0.82], [78.0, 0.82], [80.0, 0.83], [82.0, 0.83], [84.0, 0.83], [86.0, 0.83], [88.0, 0.83], [90.0, 0.83]]"
卡死状态记录,20:00:20.764,"[[-90.0, 0.91], [-88.0, 0.91], [-86.0, 0.91], [-84.0, 0.91], [-82.0, 0.91], [-80.0, 0.91], [-78.0, 0.91], [-76.0, 0.91], [-74.0, 0.91], [-72.0, 0.91], [-70.0, 0.91], [-68.0, 0.92], [-66.0, 0.93], [-64.0, 0.94], [-62.0, 1.72], [-60.0, 1.72], [-58.0, 1.72], [-56.0, 1.71], [-54.0, 1.64], [-52.0, 1.61], [-50.0, 1.54], [-48.0, 1.51], [-46.0, 1.5], [-44.0, 1.45], [-42.0, 1.42], [-40.0, 1.39], [-38.0, 1.37], [-36.0, 1.36], [-34.0, 1.33], [-32.0, 1.33], [-30.0, 1.31], [-28.0, 1.29], [-26.0, 1.28], [-24.0, 1.28], [-22.0, 1.27], [-20.0, 1.26], [-18.0, 1.25], [74.0, 0.82], [76.0, 0.83], [78.0, 0.83], [80.0, 0.84], [82.0, 0.84], [84.0, 0.84], [86.0, 0.84], [88.0, 0.84], [90.0, 0.84]]"
卡死状态记录,20:00:31.378,"[[-90.0, 1.42], [-88.0, 1.39], [-86.0, 1.34], [-84.0, 1.33], [-82.0, 1.3], [-80.0, 1.27], [-78.0, 1.24], [-76.0, 1.22], [-74.0, 1.2], [-72.0, 1.19], [-70.0, 1.18], [-68.0, 1.17], [-66.0, 1.15], [-64.0, 1.14], [-62.0, 1.13], [-60.0, 1.13], [-58.0, 1.13], [-56.0, 1.13], [-54.0, 1.12], [-52.0, 1.12], [-50.0, 1.12], [-48.0, 1.12], [-46.0, 1.12], [-44.0, 1.12], [-42.0, 1.12], [-40.0, 1.12], [-38.0, 1.12], [-36.0, 1.12], [-34.0, 1.12], [-32.0, 1.12], [-30.0, 1.12], [-28.0, 1.12], [-26.0, 1.11], [62.0, 1.0], [64.0, 1.01], [66.0, 1.01], [68.0, 1.01], [70.0, 1.02], [72.0, 1.02], [74.0, 1.03], [76.0, 1.04], [78.0, 1.04], [80.0, 1.04], [82.0, 1.05], [84.0, 1.05], [86.0, 1.05], [88.0, 1.05], [90.0, 1.02]]"
卡死状态记录,20:00:37.989,"[[-90.0, 0.96], [-88.0, 0.96], [-86.0, 0.96], [-84.0, 0.96], [-82.0, 0.96], [-80.0, 0.96], [-78.0, 0.96], [-76.0, 0.96], [-74.0, 0.96], [-72.0, 0.96], [-70.0, 0.96], [-68.0, 0.96], [-66.0, 0.97], [-64.0, 0.97], [-62.0, 0.97], [-60.0, 0.96], [48.0, 1.06], [50.0, 1.06], [52.0, 1.06], [54.0, 1.06], [56.0, 1.02], [58.0, 1.02], [60.0, 1.0], [62.0, 0.99], [64.0, 0.99], [66.0, 0.98], [68.0, 0.97], [70.0, 0.97], [72.0, 0.95], [74.0, 0.95], [76.0, 0.95], [78.0, 0.95], [80.0, 0.95], [82.0, 0.95], [84.0, 0.95], [86.0, 0.95], [88.0, 0.95], [90.0, 0.95]]"
# ===== 记录小内部状态 =====
记录小内部状态,20:22:22.744,"[[-90.0, 1.26], [-88.0, 1.26], [-86.0, 1.25], [-84.0, 1.25], [-82.0, 1.25], [-80.0, 1.22], [-78.0, 1.13], [-76.0, 1.07], [-74.0, 1.03], [-72.0, 0.99], [-70.0, 0.93], [-68.0, 0.91], [-66.0, 0.88], [-64.0, 0.85], [-62.0, 0.83], [-60.0, 0.8], [-58.0, 0.79], [-56.0, 0.79], [-54.0, 0.79], [-52.0, 0.79], [-50.0, 0.79], [-48.0, 0.79], [-46.0, 0.79], [-44.0, 0.79], [-42.0, 0.79], [-40.0, 0.79], [-38.0, 0.79], [-36.0, 0.79], [-34.0, 0.79], [-32.0, 0.79], [-30.0, 0.79], [-28.0, 0.79], [-26.0, 0.79], [-24.0, 0.79], [-22.0, 0.83], [-20.0, 2.56], [-18.0, 2.57], [-16.0, 2.57], [-14.0, 2.57], [-12.0, 2.57], [-10.0, 2.57], [-8.0, 2.56], [-6.0, 2.54], [-4.0, 2.23], [-2.0, 2.02], [0.0, 1.82], [2.0, 1.76], [4.0, 1.61], [6.0, 1.48], [8.0, 1.4], [10.0, 1.31], [12.0, 1.25], [14.0, 1.17], [16.0, 1.12], [18.0, 1.06], [20.0, 1.01], [22.0, 1.0], [24.0, 0.96], [26.0, 0.92], [28.0, 0.88], [30.0, 0.87], [32.0, 0.83], [34.0, 0.81], [36.0, 0.78], [38.0, 0.77], [40.0, 0.76], [42.0, 0.76], [44.0, 0.73], [46.0, 0.72], [48.0, 0.71], [50.0, 0.7], [52.0, 0.69], [54.0, 0.69], [56.0, 0.68], [58.0, 0.68], [60.0, 0.67], [62.0, 0.67], [64.0, 0.66], [66.0, 0.66], [68.0, 0.66], [70.0, 0.66], [72.0, 0.66], [74.0, 0.66], [76.0, 0.66], [78.0, 0.66], [80.0, 0.66], [82.0, 0.66], [84.0, 0.66], [86.0, 0.66], [88.0, 0.66], [90.0, 0.66]]"
记录小内部状态,20:22:23.540,"[[-90.0, 1.25], [-88.0, 1.25], [-86.0, 1.25], [-84.0, 1.24], [-82.0, 1.23], [-80.0, 1.19], [-78.0, 1.15], [-76.0, 1.09], [-74.0, 1.02], [-72.0, 0.99], [-70.0, 0.95], [-68.0, 0.91], [-66.0, 0.88], [-64.0, 0.86], [-62.0, 0.82], [-60.0, 0.8], [-58.0, 0.78], [-56.0, 0.78], [-54.0, 0.78], [-52.0, 0.78], [-50.0, 0.78], [-48.0, 0.78], [-46.0, 0.78], [-44.0, 0.78], [-42.0, 0.78], [-40.0, 0.78], [-38.0, 0.78], [-36.0, 0.78], [-34.0, 0.78], [-32.0, 0.78], [-30.0, 0.78], [-28.0, 0.78], [-26.0, 0.78], [-24.0, 0.78], [-22.0, 0.84], [-20.0, 2.55], [-18.0, 2.56], [-16.0, 2.57], [-14.0, 2.57], [-12.0, 2.57], [-10.0, 2.57], [-8.0, 2.56], [-6.0, 2.53], [-4.0, 2.24], [-2.0, 2.01], [0.0, 1.82], [2.0, 1.74], [4.0, 1.59], [6.0, 1.49], [8.0, 1.39], [10.0, 1.32], [12.0, 1.24], [14.0, 1.18], [16.0, 1.12], [18.0, 1.09], [20.0, 1.01], [22.0, 0.98], [24.0, 0.94], [26.0, 0.9], [28.0, 0.9], [30.0, 0.85], [32.0, 0.84], [34.0, 0.81], [36.0, 0.78], [38.0, 0.77], [40.0, 0.74], [42.0, 0.74], [44.0, 0.74], [46.0, 0.72], [48.0, 0.71], [50.0, 0.7], [52.0, 0.69], [54.0, 0.68], [56.0, 0.68], [58.0, 0.68], [60.0, 0.67], [62.0, 0.67], [64.0, 0.66], [66.0, 0.66], [68.0, 0.66], [70.0, 0.65], [72.0, 0.65], [74.0, 0.65], [76.0, 0.65], [78.0, 0.65], [80.0, 0.65], [82.0, 0.65], [84.0, 0.65], [86.0, 0.65], [88.0, 0.65], [90.0, 0.65]]"
记录小内部状态,20:22:45.156,"[[-58.0, 0.56], [-56.0, 0.56], [-54.0, 0.57], [-52.0, 0.58], [-50.0, 0.58], [-48.0, 0.58], [-46.0, 0.58], [-44.0, 0.57], [-42.0, 0.57], [-40.0, 0.55], [-38.0, 0.55], [-36.0, 0.55], [26.0, 0.55], [28.0, 0.56], [30.0, 0.57], [32.0, 0.58], [34.0, 0.58], [36.0, 0.6], [38.0, 0.61], [40.0, 0.62], [42.0, 0.63], [44.0, 0.65], [46.0, 0.67], [48.0, 0.69], [50.0, 0.71], [52.0, 0.73], [54.0, 0.76], [56.0, 0.79], [58.0, 0.84], [60.0, 0.88], [62.0, 0.89], [64.0, 0.95], [66.0, 0.97], [68.0, 0.97], [70.0, 0.97]]"
记录小内部状态,20:23:02.045,"[[-90.0, 0.7], [-88.0, 0.71], [-86.0, 0.71], [-84.0, 0.72], [-82.0, 0.72], [-80.0, 0.72], [-78.0, 0.72], [-76.0, 0.72], [-74.0, 0.72], [-72.0, 0.7], [-70.0, 0.69], [-68.0, 0.68], [-66.0, 0.65], [-64.0, 0.64], [-62.0, 0.64], [-60.0, 0.63], [-58.0, 0.62], [-56.0, 0.61], [-54.0, 0.6], [-52.0, 0.6], [-50.0, 0.6], [-48.0, 0.6], [-46.0, 0.6], [-44.0, 0.59], [-42.0, 0.59], [-40.0, 0.59], [-38.0, 0.59], [-36.0, 0.59], [-34.0, 0.59], [-32.0, 0.59], [-30.0, 0.59], [-28.0, 0.59], [-26.0, 0.59], [-24.0, 0.59], [-22.0, 0.59], [-20.0, 0.59], [-18.0, 0.59], [-16.0, 0.59], [-14.0, 0.59], [-12.0, 0.59], [-10.0, 0.59], [-8.0, 0.59], [-6.0, 0.59], [-4.0, 0.59], [-2.0, 0.59], [0.0, 0.6], [2.0, 0.6], [4.0, 0.61], [6.0, 0.61], [8.0, 1.58], [10.0, 1.58], [12.0, 1.58], [14.0, 1.58], [16.0, 1.52], [18.0, 1.49], [20.0, 1.45], [22.0, 1.42], [24.0, 1.39], [26.0, 1.37], [28.0, 1.36], [30.0, 1.33], [32.0, 1.31], [34.0, 1.3], [36.0, 1.29], [38.0, 1.26], [40.0, 1.25], [42.0, 1.25], [44.0, 1.24], [46.0, 1.23], [48.0, 1.22], [50.0, 1.22], [52.0, 1.22], [54.0, 1.22], [56.0, 1.22], [58.0, 1.22], [60.0, 1.22], [62.0, 1.22], [64.0, 1.22], [66.0, 1.22], [68.0, 1.22], [70.0, 1.22], [72.0, 1.22], [74.0, 1.22], [76.0, 1.22], [78.0, 1.22], [80.0, 1.22], [82.0, 1.23], [84.0, 1.23], [86.0, 1.22], [88.0, 1.22]]"
记录小内部状态,20:23:02.522,"[[-90.0, 0.7], [-88.0, 0.71], [-86.0, 0.71], [-84.0, 0.72], [-82.0, 0.72], [-80.0, 0.72], [-78.0, 0.72], [-76.0, 0.72], [-74.0, 0.72], [-72.0, 0.71], [-70.0, 0.69], [-68.0, 0.67], [-66.0, 0.65], [-64.0, 0.63], [-62.0, 0.63], [-60.0, 0.63], [-58.0, 0.62], [-56.0, 0.61], [-54.0, 0.61], [-52.0, 0.61], [-50.0, 0.6], [-48.0, 0.6], [-46.0, 0.59], [-44.0, 0.59], [-42.0, 0.59], [-40.0, 0.59], [-38.0, 0.59], [-36.0, 0.59], [-34.0, 0.58], [-32.0, 0.58], [-30.0, 0.58], [-28.0, 0.58], [-26.0, 0.58], [-24.0, 0.58], [-22.0, 0.58], [-20.0, 0.58], [-18.0, 0.58], [-16.0, 0.58], [-14.0, 0.58], [-12.0, 0.59], [-10.0, 0.59], [-8.0, 0.59], [-6.0, 0.59], [-4.0, 0.59], [-2.0, 0.59], [0.0, 0.59], [2.0, 0.59], [4.0, 0.61], [6.0, 0.63], [8.0, 1.58], [10.0, 1.58], [12.0, 1.58], [14.0, 1.57], [16.0, 1.54], [18.0, 1.5], [20.0, 1.45], [22.0, 1.4], [24.0, 1.39], [26.0, 1.37], [28.0, 1.36], [30.0, 1.33], [32.0, 1.31], [34.0, 1.29], [36.0, 1.28], [38.0, 1.26], [40.0, 1.26], [42.0, 1.24], [44.0, 1.23], [46.0, 1.23], [48.0, 1.23], [50.0, 1.23], [52.0, 1.23], [54.0, 1.22], [56.0, 1.22], [58.0, 1.22], [60.0, 1.22], [62.0, 1.22], [64.0, 1.22], [66.0, 1.22], [68.0, 1.22], [70.0, 1.22], [72.0, 1.22], [74.0, 1.22], [76.0, 1.22], [78.0, 1.22], [80.0, 1.22], [82.0, 1.23], [84.0, 1.22], [86.0, 1.22], [88.0, 1.21]]"
# ===== 开阔状态 =====
开阔状态,20:23:31.671,"[[-90.0, 0.63], [-88.0, 0.57], [86.0, 0.56], [88.0, 0.65], [90.0, 0.73]]"
开阔状态,20:23:38.950,"[[-90.0, 2.79], [-88.0, 2.8], [-86.0, 2.81], [-84.0, 2.81], [-82.0, 2.81], [-80.0, 2.81], [-78.0, 2.81], [-76.0, 2.81], [-74.0, 2.81], [-72.0, 2.91], [-70.0, 2.91], [-68.0, 2.91], [-66.0, 2.91], [-64.0, 1.29], [-62.0, 1.23], [-60.0, 1.21], [-58.0, 1.19], [-56.0, 1.15], [-54.0, 1.12], [-52.0, 1.08], [-50.0, 1.06], [-48.0, 1.02], [-46.0, 1.02], [-44.0, 0.98], [-42.0, 0.96], [-40.0, 0.94], [-38.0, 0.93], [-36.0, 0.92], [-34.0, 0.91], [-32.0, 0.9], [-30.0, 0.89], [-28.0, 0.89], [-26.0, 0.88], [-24.0, 0.87], [-22.0, 0.87], [-20.0, 0.87], [-18.0, 0.87], [-16.0, 0.86], [-14.0, 0.86], [-12.0, 0.86], [-10.0, 0.86], [-8.0, 0.86], [-6.0, 0.86], [-4.0, 0.86], [-2.0, 0.86], [0.0, 0.86], [2.0, 0.86], [4.0, 0.86], [6.0, 0.86], [8.0, 0.86], [10.0, 0.86], [12.0, 0.86], [14.0, 0.86], [16.0, 0.87], [18.0, 0.87], [20.0, 0.87], [22.0, 0.87], [24.0, 0.87], [26.0, 0.87], [28.0, 0.88], [30.0, 0.89], [32.0, 0.89], [34.0, 0.91], [36.0, 0.93], [38.0, 0.93], [40.0, 0.95], [42.0, 0.96], [44.0, 0.97], [46.0, 0.98], [48.0, 0.98], [50.0, 0.98], [52.0, 0.98], [54.0, 0.97], [56.0, 0.97], [58.0, 0.95], [60.0, 0.94], [62.0, 0.93], [64.0, 0.92], [66.0, 0.92], [68.0, 0.9], [70.0, 0.9], [72.0, 0.9], [74.0, 0.9], [76.0, 0.9], [78.0, 0.9], [80.0, 0.9], [82.0, 0.9], [84.0, 0.9], [86.0, 0.9], [88.0, 0.9], [90.0, 0.9]]"
开阔状态,20:23:55.319,"[[-90.0, 0.85], [-88.0, 0.85], [-86.0, 0.84], [-84.0, 0.83], [-82.0, 0.83], [-80.0, 0.83], [-78.0, 0.83], [-76.0, 0.83], [-74.0, 0.83], [-72.0, 0.83], [-70.0, 0.83], [-68.0, 0.83], [-66.0, 0.83], [-64.0, 0.83], [-62.0, 0.83], [-60.0, 0.83], [-58.0, 0.83], [-56.0, 0.83], [-54.0, 0.83], [-52.0, 0.83], [-50.0, 0.83], [-48.0, 0.83], [-46.0, 0.83], [-44.0, 0.83], [-42.0, 0.83], [-40.0, 0.84], [-38.0, 0.84], [-36.0, 0.84], [-34.0, 0.85], [-32.0, 0.86], [-30.0, 0.87], [-28.0, 0.88], [-26.0, 0.89], [-24.0, 0.9], [-22.0, 0.92], [-20.0, 0.94], [-18.0, 0.96], [-16.0, 0.98], [-14.0, 0.99], [-12.0, 1.03], [-10.0, 1.05], [-8.0, 1.06], [-6.0, 1.11], [-4.0, 1.14], [-2.0, 1.17], [0.0, 1.24], [2.0, 1.25], [4.0, 1.33], [6.0, 1.37], [8.0, 1.43], [10.0, 1.49], [12.0, 1.59], [14.0, 1.69], [16.0, 1.82], [18.0, 1.92], [20.0, 1.94], [22.0, 1.95], [24.0, 1.95], [26.0, 1.95], [28.0, 1.95], [30.0, 1.95], [32.0, 1.95], [34.0, 1.95], [36.0, 1.95], [38.0, 1.95], [40.0, 1.95], [42.0, 1.95], [44.0, 1.95], [46.0, 1.95], [48.0, 1.97], [50.0, 1.97], [52.0, 1.98], [54.0, 1.98], [56.0, 1.98], [58.0, 1.98], [60.0, 1.39], [62.0, 1.35], [64.0, 1.31], [66.0, 1.28], [68.0, 1.23], [70.0, 1.21], [72.0, 1.17], [74.0, 1.15], [76.0, 1.13], [78.0, 1.11], [80.0, 1.1], [82.0, 1.07], [84.0, 1.06], [86.0, 1.04], [88.0, 1.03], [90.0, 1.02]]"
