time,front,front_nv,front_nc,left,left_nv,left_nc,right,right_nv,right_nc,rear,rear_nv,rear_nc
# ===== 初始状态 =====
21:34:55.609,1.927,48,0,1.185,61,0,1.379,61,0,1.624,27,0
# ===== 走廊 =====
21:37:06.832,0.877,49,0,0.394,61,21,0.421,61,0,,0,0
# ===== 狭长走廊1轻微偏移=====
21:37:44.180,0.545,49,0,0.393,61,16,0.426,61,0,2.062,14,0
# ===== 靠近两墙分界位置 =====
21:38:51.562,2.285,48,0,1.508,61,0,0.757,61,0,2.725,11,0
# ===== 正前方到达危险距离 =====
21:39:46.207,0.301,61,50,0.748,51,0,2.051,55,0,1.955,16,0
# ===== 正前方到达减速距离 =====
21:40:18.580,0.632,61,0,1.537,48,0,1.228,57,0,1.731,31,0
# ===== 正前方出现一个小型障碍物 =====
21:41:53.121,0.413,61,3,1.531,52,0,1.264,61,0,1.474,12,0
# ===== 探索之前状态 =====
21:42:43.215,0.883,61,1,0.137,53,23,0.422,61,0,2.007,31,0
# ===== 进入封闭小房间后状态 =====
21:43:27.062,0.611,61,0,1.001,61,0,0.493,61,0,1.853,12,0
# ===== 进入短的连廊需要右转情况 =====
21:46:43.416,0.480,61,0,0.691,61,0,1.336,61,0,1.948,13,0
# ===== 进入到必须倒场景 =====
21:49:55.656,0.388,61,26,0.281,61,61,0.667,61,0,2.044,31,0
# ===== 进入到了这个长连廊1中部 =====
21:52:50.190,0.853,49,0,0.455,61,0,0.315,61,61,0.937,17,0
# ===== t =====
22:17:47.912,0.145,61,41,0.138,55,25,0.135,61,50,1.940,6,0
22:18:02.699,0.144,61,21,0.140,59,23,0.581,61,0,1.683,8,0
22:18:12.180,0.132,61,61,0.305,61,30,0.135,54,54,1.847,28,0
22:18:35.168,0.424,49,6,0.466,61,0,0.245,61,43,2.051,21,0
22:18:43.153,0.287,61,31,0.486,61,0,0.256,52,17,2.242,25,0
22:18:55.488,0.823,48,0,0.468,45,0,0.245,61,61,3.217,1,0
22:19:05.006,0.615,49,0,0.464,40,0,0.249,61,55,1.718,13,0
# ===== 进入小房间1过程模拟 =====
# ===== 进入小房间 =====#注意啊，这个地方实际情况下往往根本捕捉不到那个窗口期
# ===== 进之前过程模拟 =====
22:20:43.127,0.263,61,61,2.615,56,0,0.502,61,1,1.762,31,0
22:21:03.159,0.270,61,41,0.301,57,27,1.548,61,0,2.011,31,0
22:21:14.101,0.263,61,61,0.448,56,2,1.484,61,0,1.783,31,0
22:21:33.910,0.936,61,0,0.231,61,45,1.469,61,0,3.089,12,0
22:21:43.170,0.286,61,57,1.634,61,0,0.439,61,4,,0,0
22:21:52.172,1.116,61,0,0.938,61,0,0.501,61,0,1.155,31,0
